Medicine,Quantity,Sold,Price,Purchase_Date,Expiry_Date
Aspirin,131,105,53,2025-09-13 23:09:12.919406,2026-07-05 23:09:12.919406
Ranitidine,163,10,35,2025-12-01 23:09:12.919406,2026-09-28 23:09:12.919406
Aspirin,158,139,7,2025-08-28 23:09:12.919406,2026-05-17 23:09:12.919406
Amoxyclav,147,39,38,2026-01-28 23:09:12.919406,2026-12-27 23:09:12.919406
Ibuprofen,57,13,21,2025-11-04 23:09:12.919406,2026-11-13 23:09:12.919406
Levocetirizine,157,55,31,2025-08-29 23:09:12.919406,2026-02-14 23:09:12.919406
Ibuprofen,53,49,48,2025-09-08 23:09:12.919406,2026-02-09 23:09:12.919406
Omeprazole,136,24,47,2026-01-07 23:09:12.919406,2027-01-04 23:09:12.919406
Cough Syrup,131,30,52,2025-11-21 23:09:12.919406,2026-11-22 23:09:12.919406
Atorvastatin,110,13,35,2025-10-07 23:09:12.919406,2026-05-05 23:09:12.919406
Levocetirizine,171,82,6,2025-10-03 23:09:12.919406,2026-09-18 23:09:12.919406
Cetirizine,57,43,25,2025-12-25 23:09:12.919406,2026-11-11 23:09:12.919406
Azithromycin,147,81,15,2025-12-25 23:09:12.919406,2026-12-16 23:09:12.919406
Metformin,199,17,14,2025-11-25 23:09:12.919406,2026-05-22 23:09:12.919406
Dolo,89,70,43,2026-01-16 23:09:12.919406,2026-08-05 23:09:12.919406
Diclofenac,179,38,10,2026-01-02 23:09:12.919406,2026-12-29 23:09:12.919406
Amoxicillin,152,88,47,2025-08-30 23:09:12.919406,2026-09-11 23:09:12.919406
Aspirin,140,19,10,2026-02-01 23:09:12.919406,2026-11-08 23:09:12.919406
Ranitidine,103,22,24,2025-09-20 23:09:12.919406,2026-03-17 23:09:12.919406
Cough Syrup,54,48,35,2025-10-02 23:09:12.919406,2026-04-29 23:09:12.919406
Diclofenac,144,111,31,2025-12-26 23:09:12.919406,2026-07-19 23:09:12.919406
Ranitidine,102,49,36,2025-11-15 23:09:12.919406,2026-06-16 23:09:12.919406
Cough Syrup,64,44,32,2026-01-15 23:09:12.919406,2027-01-16 23:09:12.919406
Cetirizine,194,154,40,2025-12-31 23:09:12.919406,2026-09-22 23:09:12.919406
Diclofenac,76,23,15,2025-08-29 23:09:12.919406,2026-08-09 23:09:12.919406
Amoxicillin,66,62,27,2026-01-30 23:09:12.919406,2026-06-02 23:09:12.919406
Cetirizine,164,142,51,2026-03-12 23:09:12.919406,2027-04-14 23:09:12.919406
Metformin,137,129,22,2025-11-06 23:09:12.935035,2026-10-02 23:09:12.935035
Amoxyclav,176,148,24,2026-02-03 23:09:12.935035,2026-10-11 23:09:12.935035
Cetirizine,195,14,23,2026-03-02 23:09:12.935035,2027-01-25 23:09:12.935035
Ranitidine,154,75,15,2026-03-05 23:09:12.935035,2027-03-06 23:09:12.935035
Insulin,54,38,26,2025-10-16 23:09:12.935035,2026-10-18 23:09:12.935035
Ibuprofen,118,37,35,2025-12-30 23:09:12.935035,2026-04-30 23:09:12.935035
Crocin,150,84,15,2025-11-12 23:09:12.935035,2026-09-03 23:09:12.935035
Losartan,126,81,19,2025-11-05 23:09:12.935035,2026-08-21 23:09:12.935035
Levocetirizine,63,47,58,2026-01-24 23:09:12.935035,2026-10-22 23:09:12.935035
Vitamin C,70,26,36,2025-11-24 23:09:12.935035,2026-03-28 23:09:12.935035
Vitamin B12,184,125,26,2026-03-15 23:09:12.935035,2027-03-20 23:09:12.935035
Ibuprofen,145,29,51,2025-11-05 23:09:12.935035,2026-10-16 23:09:12.935035
Aspirin,198,39,12,2025-11-15 23:09:12.935035,2026-07-11 23:09:12.935035
Amoxicillin,170,90,24,2026-02-20 23:09:12.935035,2027-02-09 23:09:12.935035
Paracetamol,139,61,14,2025-10-17 23:09:12.935035,2026-03-16 23:09:12.935035
Amoxyclav,186,143,60,2025-08-31 23:09:12.935035,2026-05-23 23:09:12.935035
Vitamin B12,157,129,35,2025-11-16 23:09:12.935035,2026-10-19 23:09:12.935035
Azithromycin,175,97,28,2025-10-07 23:09:12.935035,2026-11-01 23:09:12.935035
Ranitidine,183,14,17,2025-09-01 23:09:12.935035,2026-02-15 23:09:12.935035
Amoxyclav,166,94,10,2025-12-12 23:09:12.935035,2026-09-01 23:09:12.935035
Pantoprazole,157,133,48,2025-12-13 23:09:12.935035,2027-01-05 23:09:12.935035
Omeprazole,68,11,52,2025-12-01 23:09:12.935035,2026-09-02 23:09:12.935035
Insulin,180,15,16,2025-11-15 23:09:12.935035,2026-10-17 23:09:12.935035
Azithromycin,196,178,14,2025-12-24 23:09:12.935035,2026-08-28 23:09:12.935035
Levocetirizine,63,35,43,2025-12-18 23:09:12.935035,2026-10-15 23:09:12.935035
Diclofenac,104,20,35,2026-01-07 23:09:12.935035,2026-05-09 23:09:12.935035
Ibuprofen,123,112,46,2026-03-05 23:09:12.935035,2026-09-17 23:09:12.935035
Cough Syrup,195,195,13,2025-10-14 23:09:12.935035,2026-03-31 23:09:12.935035
Amoxicillin,104,76,40,2026-02-15 23:09:12.935035,2027-02-23 23:09:12.935035
Insulin,74,43,57,2025-09-27 23:09:12.935035,2026-10-24 23:09:12.935035
Aspirin,59,13,19,2026-02-24 23:09:12.935035,2027-03-01 23:09:12.935035
Paracetamol,50,32,7,2026-01-06 23:09:12.935035,2026-11-21 23:09:12.935035
Pantoprazole,109,59,16,2025-11-11 23:09:12.935035,2026-09-27 23:09:12.935035
ORS,157,95,52,2026-03-04 23:09:12.935035,2026-08-03 23:09:12.935035
Amoxicillin,150,134,47,2026-01-31 23:09:12.935035,2026-08-09 23:09:12.935035
ORS,114,22,13,2025-11-30 23:09:12.935035,2026-06-20 23:09:12.935035
Crocin,67,35,43,2025-10-16 23:09:12.935035,2026-02-18 23:09:12.935035
Pantoprazole,144,49,8,2025-11-25 23:09:12.935035,2026-08-20 23:09:12.935035
Antacid,106,97,47,2026-03-01 23:09:12.935035,2026-07-30 23:09:12.935035
Paracetamol,95,15,31,2025-12-10 23:09:12.935035,2026-04-17 23:09:12.935035
Azithromycin,88,52,16,2025-09-30 23:09:12.935035,2026-08-08 23:09:12.935035
Dolo,129,40,37,2026-02-27 23:09:12.935035,2026-10-18 23:09:12.935035
Azithromycin,198,40,40,2025-12-18 23:09:12.935035,2026-06-19 23:09:12.935035
Aspirin,158,127,28,2025-12-25 23:09:12.935035,2027-01-28 23:09:12.935035
Dolo,95,20,13,2026-01-09 23:09:12.935035,2026-08-22 23:09:12.935035
Ranitidine,133,52,22,2026-02-08 23:09:12.935035,2026-05-29 23:09:12.935035
Metformin,189,82,41,2026-02-20 23:09:12.935035,2026-11-21 23:09:12.935035
Levocetirizine,196,149,54,2026-01-22 23:09:12.935035,2026-08-26 23:09:12.935035
Insulin,187,51,19,2026-02-01 23:09:12.935035,2026-05-23 23:09:12.935035
Aspirin,104,89,34,2025-11-21 23:09:12.935035,2026-11-08 23:09:12.935035
Metformin,149,29,23,2025-09-06 23:09:12.935035,2026-04-21 23:09:12.935035
Amoxyclav,133,12,38,2025-10-02 23:09:12.935035,2026-07-29 23:09:12.935035
Crocin,82,25,34,2026-02-06 23:09:12.935035,2026-05-30 23:09:12.935035
Antacid,198,185,59,2025-12-07 23:09:12.935035,2026-12-04 23:09:12.935035
Vitamin C,144,95,49,2025-11-26 23:09:12.935035,2026-08-06 23:09:12.935035
Losartan,68,60,46,2025-12-17 23:09:12.935035,2026-06-09 23:09:12.935035
Amoxicillin,103,11,15,2025-10-21 23:09:12.935035,2026-09-18 23:09:12.935035
Omeprazole,113,54,6,2025-12-22 23:09:12.935035,2026-12-15 23:09:12.935035
Antacid,74,20,20,2025-09-24 23:09:12.935035,2026-05-01 23:09:12.935035
Ranitidine,154,137,26,2025-12-28 23:09:12.935035,2026-09-14 23:09:12.935035
Pantoprazole,61,25,14,2026-03-04 23:09:12.935035,2027-01-10 23:09:12.935035
Antacid,185,153,48,2025-11-01 23:09:12.935035,2026-05-18 23:09:12.935035
Aspirin,142,112,21,2026-02-06 23:09:12.935035,2026-09-02 23:09:12.935035
Losartan,61,24,18,2025-12-17 23:09:12.935035,2026-10-28 23:09:12.935035
Pantoprazole,176,26,5,2025-10-05 23:09:12.935035,2026-05-22 23:09:12.935035
Antacid,188,144,51,2026-02-12 23:09:12.935035,2026-12-14 23:09:12.935035
Crocin,142,121,31,2025-11-28 23:09:12.935035,2026-08-10 23:09:12.935035
Dolo,177,30,53,2025-08-31 23:09:12.935035,2026-09-04 23:09:12.935035
Metformin,120,110,21,2025-11-14 23:09:12.935035,2026-05-17 23:09:12.935035
Aspirin,82,40,20,2026-03-09 23:09:12.935035,2026-10-15 23:09:12.935035
Azithromycin,94,32,30,2025-12-03 23:09:12.935035,2026-04-19 23:09:12.935035
Vitamin C,177,53,25,2025-08-29 23:09:12.935035,2026-08-02 23:09:12.935035
Ibuprofen,126,40,6,2025-09-18 23:09:12.935035,2026-08-09 23:09:12.935035
Crocin,66,32,33,2025-10-03 23:09:12.935035,2026-07-04 23:09:12.935035
Paracetamol,128,53,41,2025-10-05 23:09:12.935035,2026-09-13 23:09:12.935035
Atorvastatin,190,81,59,2025-10-05 23:09:12.935035,2026-06-25 23:09:12.935035
Ranitidine,70,68,58,2025-10-31 23:09:12.935035,2026-05-28 23:09:12.935035
Pantoprazole,116,31,9,2026-03-02 23:09:12.935035,2026-08-13 23:09:12.935035
Amoxicillin,50,38,12,2025-12-02 23:09:12.935035,2027-01-06 23:09:12.935035
Vitamin B12,67,62,34,2026-01-22 23:09:12.935035,2026-11-11 23:09:12.935035
Losartan,106,71,13,2026-02-08 23:09:12.935035,2026-08-21 23:09:12.935035
Diclofenac,108,75,28,2025-11-02 23:09:12.935035,2026-11-28 23:09:12.935035
Azithromycin,101,84,5,2025-11-27 23:09:12.935035,2026-05-10 23:09:12.935035
Dolo,144,82,29,2026-02-14 23:09:12.935035,2027-03-01 23:09:12.935035
Levocetirizine,184,180,30,2026-02-17 23:09:12.935035,2026-11-27 23:09:12.935035
Crocin,146,59,42,2025-12-15 23:09:12.935035,2026-12-25 23:09:12.935035
Ranitidine,124,74,52,2025-12-07 23:09:12.935035,2026-07-16 23:09:12.935035
Vitamin B12,83,23,37,2025-12-22 23:09:12.935035,2026-10-27 23:09:12.935035
Insulin,148,116,38,2025-10-07 23:09:12.935035,2026-05-08 23:09:12.935035
Vitamin C,188,188,33,2025-08-28 23:09:12.935035,2026-02-19 23:09:12.935035
Aspirin,62,18,40,2026-01-23 23:09:12.935035,2026-12-29 23:09:12.935035
Pantoprazole,73,39,16,2026-03-12 23:09:12.935035,2026-07-12 23:09:12.935035
Crocin,159,29,11,2025-10-09 23:09:12.935035,2026-09-04 23:09:12.935035
Dolo,102,99,41,2026-03-13 23:09:12.935035,2026-07-21 23:09:12.935035
Calcium Tablets,129,118,13,2026-01-25 23:09:12.935035,2026-07-13 23:09:12.935035
Omeprazole,147,86,55,2026-02-11 23:09:12.935035,2027-02-02 23:09:12.935035
Calcium Tablets,159,32,33,2026-02-20 23:09:12.935035,2026-11-12 23:09:12.935035
Insulin,182,74,49,2025-10-15 23:09:12.935035,2026-06-05 23:09:12.935035
Crocin,56,46,52,2025-12-13 23:09:12.935035,2026-06-17 23:09:12.935035
ORS,192,87,34,2025-12-30 23:09:12.935035,2026-09-21 23:09:12.935035
Insulin,78,13,36,2026-01-05 23:09:12.935035,2026-09-08 23:09:12.935035
Calcium Tablets,195,21,48,2026-02-05 23:09:12.935035,2026-09-12 23:09:12.935035
Azithromycin,172,89,34,2025-11-03 23:09:12.935035,2026-07-07 23:09:12.935035
Antacid,58,47,32,2025-09-03 23:09:12.935035,2026-02-01 23:09:12.935035
Omeprazole,103,53,57,2026-02-12 23:09:12.935035,2026-12-19 23:09:12.935035
Atorvastatin,167,125,22,2026-02-04 23:09:12.935035,2026-11-23 23:09:12.935035
Omeprazole,155,89,43,2025-09-19 23:09:12.935035,2026-10-17 23:09:12.935035
Dolo,60,25,22,2025-10-05 23:09:12.935035,2026-07-26 23:09:12.935035
ORS,98,38,11,2026-03-03 23:09:12.935035,2026-08-17 23:09:12.935035
Cough Syrup,52,46,28,2026-01-20 23:09:12.935035,2026-10-04 23:09:12.935035
Cough Syrup,57,18,17,2025-10-27 23:09:12.935035,2026-02-06 23:09:12.935035
Levocetirizine,153,111,49,2025-11-25 23:09:12.935035,2026-12-01 23:09:12.935035
Amoxicillin,166,80,18,2026-03-08 23:09:12.935035,2026-12-14 23:09:12.935035
Vitamin B12,77,21,29,2025-12-08 23:09:12.935035,2026-07-08 23:09:12.935035
Diclofenac,185,121,16,2025-11-26 23:09:12.935035,2026-11-10 23:09:12.935035
Zinc Tablets,117,113,29,2025-09-28 23:09:12.935035,2026-04-29 23:09:12.935035
Crocin,107,24,5,2026-02-03 23:09:12.935035,2026-10-28 23:09:12.935035
Diclofenac,118,111,21,2025-11-22 23:09:12.935035,2026-05-24 23:09:12.935035
Losartan,162,45,43,2026-02-05 23:09:12.935035,2026-07-27 23:09:12.935035
Cetirizine,72,36,31,2026-01-26 23:09:12.935035,2026-12-08 23:09:12.935035
Azithromycin,179,95,45,2026-02-22 23:09:12.935035,2026-12-15 23:09:12.935035
Omeprazole,154,129,54,2025-09-28 23:09:12.935035,2026-05-22 23:09:12.935035
Crocin,74,13,31,2025-09-19 23:09:12.935035,2026-02-13 23:09:12.935035
Azithromycin,126,25,13,2026-03-08 23:09:12.935035,2026-10-29 23:09:12.935035
Insulin,114,96,24,2026-01-30 23:09:12.935035,2026-07-14 23:09:12.935035
Diclofenac,119,25,39,2026-01-27 23:09:12.935035,2026-09-03 23:09:12.935035
Diclofenac,51,39,46,2025-09-27 23:09:12.935035,2026-03-05 23:09:12.935035
Ibuprofen,107,94,20,2026-03-02 23:09:12.935035,2026-07-22 23:09:12.935035
Amoxyclav,176,110,46,2025-12-30 23:09:12.935035,2026-05-28 23:09:12.935035
Paracetamol,152,142,55,2025-10-07 23:09:12.935035,2026-03-06 23:09:12.935035
Azithromycin,145,114,57,2026-02-25 23:09:12.935035,2026-07-07 23:09:12.935035
Amoxicillin,72,64,57,2025-09-13 23:09:12.935035,2026-02-04 23:09:12.935035
Atorvastatin,190,25,32,2026-02-15 23:09:12.935035,2026-10-23 23:09:12.935035
Calcium Tablets,158,145,28,2025-10-31 23:09:12.935035,2026-09-06 23:09:12.935035
Levocetirizine,84,16,31,2025-09-15 23:09:12.935035,2026-03-20 23:09:12.935035
Zinc Tablets,178,31,9,2026-02-20 23:09:12.935035,2026-12-08 23:09:12.935035
Crocin,75,70,15,2025-11-30 23:09:12.935035,2026-12-07 23:09:12.935035
Levocetirizine,121,54,57,2025-10-02 23:09:12.935035,2026-03-14 23:09:12.935035
ORS,57,55,29,2026-01-03 23:09:12.935035,2026-05-30 23:09:12.935035
Amoxicillin,85,79,15,2025-09-13 23:09:12.935035,2026-09-16 23:09:12.935035
Insulin,55,32,58,2026-03-12 23:09:12.935035,2026-11-21 23:09:12.935035
Aspirin,56,45,26,2025-10-02 23:09:12.935035,2026-09-23 23:09:12.935035
Crocin,84,42,57,2025-12-25 23:09:12.935035,2026-09-08 23:09:12.935035
Diclofenac,163,15,56,2025-10-23 23:09:12.935035,2026-07-11 23:09:12.935035
Levocetirizine,63,45,15,2026-02-02 23:09:12.935035,2027-02-23 23:09:12.935035
Levocetirizine,149,137,9,2025-12-26 23:09:12.935035,2026-10-24 23:09:12.935035
Losartan,54,44,15,2026-02-15 23:09:12.935035,2026-09-01 23:09:12.935035
Zinc Tablets,81,75,54,2025-10-16 23:09:12.935035,2026-04-02 23:09:12.935035
Losartan,172,126,43,2025-10-03 23:09:12.935035,2026-08-13 23:09:12.935035
Losartan,185,152,22,2026-01-21 23:09:12.935035,2026-12-18 23:09:12.935035
Cough Syrup,164,97,23,2026-01-26 23:09:12.935035,2026-10-03 23:09:12.935035
Vitamin B12,97,10,24,2025-12-19 23:09:12.935035,2026-05-08 23:09:12.935035
Pantoprazole,84,41,6,2025-12-15 23:09:12.935035,2026-12-25 23:09:12.935035
Cetirizine,125,57,53,2025-11-07 23:09:12.935035,2026-06-18 23:09:12.935035
Levocetirizine,101,56,12,2025-11-29 23:09:12.935035,2026-05-18 23:09:12.935035
Insulin,153,13,8,2025-12-10 23:09:12.935035,2026-10-22 23:09:12.935035
Aspirin,115,47,27,2026-02-16 23:09:12.935035,2026-06-07 23:09:12.935035
Losartan,108,87,20,2025-10-08 23:09:12.935035,2026-04-30 23:09:12.935035
Aspirin,143,76,5,2026-03-06 23:09:12.935035,2026-11-16 23:09:12.935035
Calcium Tablets,77,70,50,2025-11-13 23:09:12.935035,2026-08-14 23:09:12.935035
Crocin,194,109,36,2025-08-30 23:09:12.935035,2026-06-09 23:09:12.935035
Levocetirizine,65,58,19,2025-12-23 23:09:12.935035,2027-01-01 23:09:12.935035
Aspirin,113,45,36,2025-11-18 23:09:12.935035,2026-08-26 23:09:12.935035
ORS,160,56,9,2026-02-08 23:09:12.935035,2027-01-28 23:09:12.935035
Paracetamol,166,24,41,2026-01-29 23:09:12.935035,2027-01-27 23:09:12.935035
Atorvastatin,110,79,41,2025-12-24 23:09:12.935035,2026-05-18 23:09:12.935035
Vitamin C,152,76,52,2026-01-04 23:09:12.935035,2026-08-27 23:09:12.935035
Pantoprazole,90,55,55,2025-09-09 23:09:12.935035,2026-06-19 23:09:12.935035
Vitamin B12,166,23,44,2025-11-20 23:09:12.935035,2026-06-03 23:09:12.935035
Calcium Tablets,182,182,50,2025-09-07 23:09:12.935035,2026-09-30 23:09:12.935035
Antacid,73,42,22,2026-02-15 23:09:12.935035,2026-06-25 23:09:12.935035
Pantoprazole,74,52,27,2025-11-07 23:09:12.935035,2026-04-02 23:09:12.935035
Zinc Tablets,59,20,10,2026-01-11 23:09:12.935035,2026-08-04 23:09:12.935035
Levocetirizine,128,121,8,2025-12-22 23:09:12.935035,2026-06-04 23:09:12.935035
Omeprazole,104,53,34,2026-02-04 23:09:12.935035,2026-11-30 23:09:12.935035
Vitamin C,58,21,19,2025-11-01 23:09:12.935035,2026-09-19 23:09:12.935035
Zinc Tablets,127,53,19,2025-11-01 23:09:12.935035,2026-05-16 23:09:12.935035
Antacid,199,84,24,2025-11-06 23:09:12.935035,2026-07-25 23:09:12.935035
Azithromycin,183,151,28,2026-01-28 23:09:12.935035,2027-01-10 23:09:12.935035
Aspirin,150,121,39,2026-02-03 23:09:12.935035,2026-08-13 23:09:12.935035
Ibuprofen,58,38,22,2026-03-09 23:09:12.935035,2027-03-21 23:09:12.935035
Vitamin C,129,26,50,2025-12-12 23:09:12.935035,2026-04-09 23:09:12.935035
Paracetamol,143,39,34,2025-09-08 23:09:12.935035,2026-02-08 23:09:12.935035
Losartan,61,12,47,2025-09-14 23:09:12.935035,2026-07-31 23:09:12.935035
Paracetamol,140,112,29,2026-01-27 23:09:12.935035,2026-06-21 23:09:12.935035
Ranitidine,100,94,46,2025-12-03 23:09:12.935035,2026-08-08 23:09:12.935035
Cough Syrup,63,52,41,2026-02-25 23:09:12.935035,2026-07-27 23:09:12.935035
Vitamin B12,123,88,44,2025-12-11 23:09:12.935035,2026-11-21 23:09:12.935035
Calcium Tablets,130,17,47,2025-10-15 23:09:12.935035,2026-09-10 23:09:12.935035
Zinc Tablets,114,66,25,2025-11-07 23:09:12.935035,2026-03-06 23:09:12.935035
Vitamin C,51,14,36,2025-09-18 23:09:12.935035,2026-03-30 23:09:12.935035
Cough Syrup,124,32,36,2025-11-27 23:09:12.935035,2026-05-12 23:09:12.935035
Zinc Tablets,191,40,57,2025-11-01 23:09:12.935035,2026-04-05 23:09:12.935035
Calcium Tablets,128,126,22,2025-10-21 23:09:12.935035,2026-04-07 23:09:12.935035
Cetirizine,181,126,53,2026-01-03 23:09:12.935035,2026-06-10 23:09:12.935035
Losartan,197,56,14,2026-02-13 23:09:12.935035,2027-02-23 23:09:12.935035
ORS,156,148,12,2026-02-09 23:09:12.935035,2026-11-16 23:09:12.935035
Dolo,157,38,54,2025-12-28 23:09:12.935035,2027-01-23 23:09:12.935035
Atorvastatin,67,11,14,2026-03-11 23:09:12.935035,2026-12-11 23:09:12.935035
Vitamin C,54,29,40,2026-01-26 23:09:12.935035,2026-08-27 23:09:12.935035
Dolo,141,134,28,2026-01-09 23:09:12.935035,2026-09-10 23:09:12.935035
Pantoprazole,90,83,52,2025-10-03 23:09:12.935035,2026-08-24 23:09:12.935035
Pantoprazole,92,71,18,2025-09-11 23:09:12.935035,2026-08-23 23:09:12.935035
Insulin,134,106,54,2026-01-25 23:09:12.935035,2027-02-26 23:09:12.935035
Levocetirizine,181,67,26,2026-01-05 23:09:12.935035,2026-05-05 23:09:12.935035
Antacid,106,70,55,2025-10-14 23:09:12.935035,2026-10-22 23:09:12.935035
Atorvastatin,158,30,48,2025-09-15 23:09:12.935035,2026-03-02 23:09:12.935035
Ibuprofen,102,33,5,2025-09-29 23:09:12.935035,2026-07-25 23:09:12.935035
ORS,141,78,7,2026-02-05 23:09:12.935035,2026-07-18 23:09:12.935035
ORS,62,17,48,2026-01-24 23:09:12.935035,2026-08-23 23:09:12.935035
Ibuprofen,138,122,19,2025-11-27 23:09:12.935035,2026-12-03 23:09:12.935035
Dolo,57,19,40,2025-10-11 23:09:12.935035,2026-08-30 23:09:12.935035
Azithromycin,80,11,41,2025-10-12 23:09:12.935035,2026-06-15 23:09:12.935035
Calcium Tablets,72,14,13,2026-02-17 23:09:12.935035,2026-08-23 23:09:12.935035
Diclofenac,118,73,30,2025-09-16 23:09:12.935035,2026-02-26 23:09:12.935035
Levocetirizine,79,65,25,2025-10-18 23:09:12.935035,2026-10-08 23:09:12.935035
Ibuprofen,131,17,9,2025-10-29 23:09:12.935035,2026-11-08 23:09:12.935035
Antacid,109,41,25,2025-10-25 23:09:12.935035,2026-06-12 23:09:12.935035
Cetirizine,198,122,23,2026-03-10 23:09:12.935035,2026-10-21 23:09:12.935035
Omeprazole,81,48,58,2026-03-05 23:09:12.935035,2026-09-13 23:09:12.935035
Losartan,148,61,34,2026-03-16 23:09:12.935035,2026-10-10 23:09:12.935035
Dolo,152,92,43,2026-01-04 23:09:12.935035,2026-10-19 23:09:12.935035
Ranitidine,84,40,27,2025-10-28 23:09:12.935035,2026-04-26 23:09:12.935035
Aspirin,52,47,13,2025-10-02 23:09:12.935035,2026-09-23 23:09:12.935035
Losartan,143,110,25,2025-09-05 23:09:12.935035,2026-03-31 23:09:12.935035
Ranitidine,86,47,37,2026-03-16 23:09:12.935035,2027-02-09 23:09:12.935035
Losartan,92,18,38,2025-09-21 23:09:12.935035,2026-06-26 23:09:12.935035
Calcium Tablets,66,40,53,2025-11-15 23:09:12.935035,2026-03-19 23:09:12.935035
Omeprazole,193,170,21,2026-03-14 23:09:12.935035,2026-09-04 23:09:12.935035
Azithromycin,126,48,23,2026-01-24 23:09:12.935035,2026-05-31 23:09:12.935035
Cetirizine,54,46,47,2025-11-29 23:09:12.935035,2026-05-24 23:09:12.935035
Omeprazole,138,57,30,2026-01-15 23:09:12.935035,2026-10-12 23:09:12.935035
Levocetirizine,176,28,52,2025-10-31 23:09:12.935035,2026-05-20 23:09:12.935035
Cough Syrup,191,111,12,2026-02-17 23:09:12.935035,2027-03-01 23:09:12.935035
Dolo,94,30,19,2025-10-19 23:09:12.935035,2026-02-09 23:09:12.935035
Cough Syrup,51,33,18,2025-09-08 23:09:12.935035,2026-01-17 23:09:12.935035
Aspirin,164,98,31,2026-01-05 23:09:12.935035,2026-07-11 23:09:12.935035
Crocin,163,16,28,2025-11-23 23:09:12.935035,2026-06-09 23:09:12.935035
Atorvastatin,153,21,50,2025-09-30 23:09:12.935035,2026-08-16 23:09:12.935035
Cetirizine,89,29,11,2026-03-14 23:09:12.935035,2026-09-20 23:09:12.935035
Atorvastatin,133,119,22,2026-01-10 23:09:12.935035,2026-09-22 23:09:12.935035
Atorvastatin,151,137,26,2026-02-04 23:09:12.935035,2026-08-31 23:09:12.935035
Metformin,134,82,55,2025-11-16 23:09:12.935035,2026-09-17 23:09:12.935035
Vitamin C,89,64,52,2025-08-28 23:09:12.935035,2026-02-22 23:09:12.935035
Paracetamol,167,85,13,2026-03-08 23:09:12.935035,2026-12-22 23:09:12.935035
Vitamin B12,183,55,22,2025-10-29 23:09:12.935035,2026-04-10 23:09:12.935035
Ibuprofen,164,21,25,2026-02-26 23:09:12.935035,2026-09-19 23:09:12.935035
Levocetirizine,151,71,22,2025-10-07 23:09:12.935035,2026-08-21 23:09:12.935035
Azithromycin,108,35,60,2026-02-14 23:09:12.935035,2027-03-14 23:09:12.935035
Dolo,129,93,15,2025-09-01 23:09:12.935035,2025-12-19 23:09:12.935035
Vitamin B12,107,97,37,2025-08-31 23:09:12.935035,2025-12-27 23:09:12.935035
Ibuprofen,104,86,21,2025-10-05 23:09:12.935035,2026-10-06 23:09:12.935035
Amoxicillin,97,46,41,2025-09-05 23:09:12.935035,2026-08-29 23:09:12.935035
Cough Syrup,152,86,43,2025-11-01 23:09:12.935035,2026-06-25 23:09:12.935035
Cough Syrup,102,67,6,2026-01-30 23:09:12.935035,2026-11-10 23:09:12.935035
Paracetamol,148,47,13,2025-10-24 23:09:12.935035,2026-03-26 23:09:12.935035
Losartan,142,100,11,2025-10-09 23:09:12.935035,2026-06-10 23:09:12.935035
Amoxicillin,96,53,47,2026-03-16 23:09:12.935035,2026-12-23 23:09:12.935035
Ibuprofen,73,67,19,2025-10-12 23:09:12.935035,2026-05-02 23:09:12.935035
Vitamin B12,169,123,24,2026-01-26 23:09:12.935035,2026-12-31 23:09:12.935035
Vitamin B12,63,56,18,2025-10-10 23:09:12.935035,2026-02-23 23:09:12.935035
Calcium Tablets,70,37,13,2025-12-01 23:09:12.935035,2026-05-25 23:09:12.935035
Atorvastatin,70,12,23,2025-12-17 23:09:12.935035,2026-06-11 23:09:12.935035
Omeprazole,97,16,57,2025-12-02 23:09:12.935035,2026-06-21 23:09:12.935035
Cough Syrup,61,15,42,2026-02-04 23:09:12.935035,2027-01-31 23:09:12.935035
Cough Syrup,101,13,25,2025-10-04 23:09:12.935035,2026-07-08 23:09:12.935035
Crocin,171,34,55,2026-01-08 23:09:12.935035,2026-05-09 23:09:12.935035
Ibuprofen,107,57,44,2025-09-27 23:09:12.935035,2026-04-08 23:09:12.935035
Calcium Tablets,177,123,53,2026-01-31 23:09:12.935035,2026-10-29 23:09:12.935035
Cough Syrup,169,23,26,2025-11-27 23:09:12.935035,2026-04-26 23:09:12.935035
ORS,102,34,37,2025-09-17 23:09:12.935035,2026-04-30 23:09:12.935035
Vitamin C,173,127,17,2026-01-11 23:09:12.935035,2026-12-15 23:09:12.935035
Aspirin,127,104,34,2025-09-27 23:09:12.935035,2026-02-10 23:09:12.935035
Antacid,67,15,16,2025-10-27 23:09:12.935035,2026-02-11 23:09:12.935035
Crocin,188,123,17,2026-02-12 23:09:12.935035,2026-12-22 23:09:12.935035
Calcium Tablets,121,49,22,2025-12-12 23:09:12.935035,2026-12-28 23:09:12.935035
Pantoprazole,166,127,44,2026-03-07 23:09:12.935035,2026-08-24 23:09:12.935035
Vitamin B12,144,119,55,2025-10-28 23:09:12.935035,2026-03-31 23:09:12.935035
ORS,128,126,29,2026-01-26 23:09:12.935035,2027-02-01 23:09:12.935035
Calcium Tablets,97,33,11,2025-10-31 23:09:12.935035,2026-03-29 23:09:12.935035
Levocetirizine,109,14,54,2025-10-19 23:09:12.935035,2026-01-30 23:09:12.935035
Atorvastatin,123,54,34,2026-01-07 23:09:12.935035,2027-01-27 23:09:12.935035
Atorvastatin,97,64,42,2025-12-09 23:09:12.935035,2026-11-20 23:09:12.935035
Zinc Tablets,112,91,19,2025-11-13 23:09:12.935035,2026-03-07 23:09:12.935035
Insulin,106,80,31,2026-03-02 23:09:12.935035,2026-11-02 23:09:12.935035
Antacid,50,32,13,2026-03-13 23:09:12.935035,2026-09-16 23:09:12.935035
Aspirin,155,108,49,2025-12-13 23:09:12.935035,2026-08-06 23:09:12.935035
Vitamin B12,152,16,16,2025-10-09 23:09:12.935035,2026-09-17 23:09:12.935035
Cetirizine,141,32,33,2026-01-15 23:09:12.935035,2026-08-03 23:09:12.935035
Levocetirizine,138,49,44,2025-12-13 23:09:12.935035,2026-07-24 23:09:12.935035
Antacid,138,133,43,2026-01-28 23:09:12.935035,2026-11-27 23:09:12.935035
Crocin,91,46,6,2025-09-18 23:09:12.935035,2026-08-05 23:09:12.935035
Paracetamol,56,22,39,2026-02-10 23:09:12.935035,2026-10-07 23:09:12.935035
Metformin,156,68,6,2025-11-10 23:09:12.935035,2026-08-19 23:09:12.935035
Crocin,167,134,13,2025-11-22 23:09:12.935035,2026-08-16 23:09:12.935035
Aspirin,62,21,33,2025-12-07 23:09:12.935035,2027-01-10 23:09:12.935035
Antacid,143,96,43,2025-10-18 23:09:12.935035,2026-09-30 23:09:12.935035
Omeprazole,55,20,25,2025-09-24 23:09:12.935035,2026-08-17 23:09:12.935035
Losartan,116,69,23,2026-01-02 23:09:12.935035,2026-09-07 23:09:12.935035
Aspirin,77,37,9,2025-11-01 23:09:12.935035,2026-03-30 23:09:12.935035
Levocetirizine,176,137,37,2025-09-21 23:09:12.935035,2026-06-20 23:09:12.935035
Insulin,107,12,44,2026-02-07 23:09:12.935035,2026-09-22 23:09:12.935035
Vitamin C,134,89,5,2026-01-15 23:09:12.935035,2026-08-09 23:09:12.935035
Pantoprazole,91,91,30,2025-12-23 23:09:12.935035,2026-09-26 23:09:12.935035
Atorvastatin,182,68,22,2026-03-02 23:09:12.935035,2026-07-01 23:09:12.935035
Amoxicillin,142,63,30,2025-12-07 23:09:12.935035,2026-12-21 23:09:12.935035
Paracetamol,101,27,50,2025-10-15 23:09:12.935035,2026-05-29 23:09:12.935035
Ranitidine,177,22,6,2026-02-01 23:09:12.935035,2026-05-24 23:09:12.935035
Zinc Tablets,170,74,53,2026-02-07 23:09:12.935035,2026-10-28 23:09:12.935035
Cough Syrup,144,123,36,2026-02-07 23:09:12.935035,2026-06-08 23:09:12.935035
Levocetirizine,78,30,23,2026-01-28 23:09:12.935035,2026-07-22 23:09:12.935035
Antacid,80,67,29,2025-11-18 23:09:12.935035,2026-03-14 23:09:12.935035
Diclofenac,184,161,56,2026-02-27 23:09:12.935035,2026-08-16 23:09:12.935035
Vitamin B12,120,113,10,2026-03-16 23:09:12.935035,2026-11-05 23:09:12.935035
Insulin,133,68,37,2025-10-06 23:09:12.935035,2026-08-18 23:09:12.935035
Ibuprofen,181,44,27,2026-01-27 23:09:12.935035,2026-11-27 23:09:12.935035
Losartan,135,13,8,2026-02-05 23:09:12.935035,2026-11-30 23:09:12.935035
Ibuprofen,115,95,35,2026-02-18 23:09:12.935035,2027-02-01 23:09:12.935035
Azithromycin,126,55,52,2026-01-08 23:09:12.935035,2026-11-10 23:09:12.935035
Metformin,118,39,44,2025-09-02 23:09:12.935035,2026-08-07 23:09:12.935035
Diclofenac,63,32,39,2025-11-24 23:09:12.935035,2026-07-03 23:09:12.935035
Ibuprofen,123,32,46,2026-01-03 23:09:12.935035,2026-05-22 23:09:12.935035
Calcium Tablets,125,11,19,2026-02-19 23:09:12.935035,2026-09-27 23:09:12.935035
Vitamin C,171,65,10,2026-01-09 23:09:12.935035,2026-06-02 23:09:12.935035
Cough Syrup,95,16,57,2025-12-15 23:09:12.935035,2026-09-16 23:09:12.935035
Ibuprofen,127,62,54,2025-09-17 23:09:12.935035,2026-09-12 23:09:12.935035
Atorvastatin,185,107,45,2025-12-10 23:09:12.935035,2026-12-21 23:09:12.935035
Levocetirizine,101,99,21,2025-09-14 23:09:12.935035,2026-04-09 23:09:12.935035
Vitamin B12,73,36,22,2025-12-27 23:09:12.935035,2026-12-20 23:09:12.935035
Vitamin B12,149,76,55,2025-10-26 23:09:12.935035,2026-02-08 23:09:12.935035
Insulin,107,17,30,2025-11-01 23:09:12.935035,2026-06-02 23:09:12.935035
Cetirizine,198,49,57,2025-12-20 23:09:12.935035,2026-07-05 23:09:12.935035
Atorvastatin,75,46,24,2025-12-14 23:09:12.935035,2026-05-15 23:09:12.935035
Crocin,64,57,56,2025-11-07 23:09:12.935035,2026-08-21 23:09:12.935035
Metformin,165,158,47,2025-10-08 23:09:12.935035,2026-09-17 23:09:12.935035
ORS,77,69,7,2026-02-11 23:09:12.935035,2026-12-13 23:09:12.935035
Omeprazole,150,18,35,2025-10-15 23:09:12.935035,2026-05-20 23:09:12.935035
Azithromycin,191,176,8,2026-03-15 23:09:12.935035,2026-10-10 23:09:12.935035
Cough Syrup,81,71,50,2025-10-21 23:09:12.935035,2026-04-17 23:09:12.935035
ORS,96,68,15,2026-01-14 23:09:12.935035,2026-10-27 23:09:12.935035
Insulin,193,42,13,2025-11-01 23:09:12.935035,2026-10-25 23:09:12.935035
Antacid,144,127,60,2025-12-23 23:09:12.935035,2026-07-21 23:09:12.935035
Diclofenac,108,106,49,2026-01-14 23:09:12.935035,2026-07-12 23:09:12.935035
Azithromycin,70,13,21,2026-02-05 23:09:12.935035,2027-02-13 23:09:12.935035
Amoxicillin,192,161,19,2026-02-22 23:09:12.935035,2027-01-24 23:09:12.935035
Ibuprofen,112,26,59,2025-11-09 23:09:12.935035,2026-08-14 23:09:12.935035
Cough Syrup,66,25,11,2026-02-05 23:09:12.935035,2026-09-01 23:09:12.935035
Aspirin,173,13,42,2025-09-21 23:09:12.935035,2026-01-12 23:09:12.935035
Dolo,113,110,39,2026-01-19 23:09:12.935035,2027-02-13 23:09:12.935035
Antacid,135,95,22,2025-10-20 23:09:12.935035,2026-06-26 23:09:12.935035
Calcium Tablets,55,46,17,2026-03-03 23:09:12.935035,2027-02-18 23:09:12.935035
Zinc Tablets,113,22,23,2025-09-13 23:09:12.935035,2026-05-17 23:09:12.935035
Levocetirizine,107,22,17,2025-10-27 23:09:12.935035,2026-09-22 23:09:12.935035
Cough Syrup,156,94,24,2026-02-11 23:09:12.935035,2026-09-02 23:09:12.935035
Diclofenac,77,14,13,2026-01-12 23:09:12.935035,2027-02-11 23:09:12.935035
Cetirizine,166,87,60,2025-09-02 23:09:12.935035,2026-03-28 23:09:12.935035
Losartan,172,60,17,2025-10-07 23:09:12.935035,2026-02-05 23:09:12.935035
Amoxicillin,87,36,50,2026-03-10 23:09:12.935035,2026-08-17 23:09:12.935035
Ranitidine,141,75,9,2025-11-26 23:09:12.935035,2026-09-20 23:09:12.935035
Antacid,151,78,22,2025-11-13 23:09:12.935035,2026-05-17 23:09:12.935035
Dolo,160,118,11,2025-10-17 23:09:12.935035,2026-04-17 23:09:12.935035
Vitamin B12,60,27,29,2025-10-26 23:09:12.935035,2026-02-24 23:09:12.935035
Paracetamol,102,74,13,2025-10-03 23:09:12.935035,2026-10-10 23:09:12.935035
Insulin,112,84,59,2025-12-04 23:09:12.935035,2026-12-14 23:09:12.935035
Dolo,197,60,29,2025-10-31 23:09:12.935035,2026-11-28 23:09:12.935035
Aspirin,136,39,57,2025-12-16 23:09:12.935035,2026-08-03 23:09:12.935035
Paracetamol,139,43,50,2025-10-11 23:09:12.935035,2026-02-21 23:09:12.935035
Antacid,179,120,13,2025-11-22 23:09:12.935035,2026-03-02 23:09:12.935035
Levocetirizine,170,131,31,2025-11-09 23:09:12.935035,2026-11-01 23:09:12.935035
Calcium Tablets,196,64,28,2026-03-02 23:09:12.935035,2026-08-13 23:09:12.935035
ORS,133,15,58,2026-01-01 23:09:12.935035,2026-07-18 23:09:12.935035
Vitamin C,145,64,29,2025-11-23 23:09:12.935035,2026-06-27 23:09:12.935035
ORS,173,75,15,2026-01-06 23:09:12.935035,2026-12-22 23:09:12.935035
Antacid,68,63,12,2025-09-13 23:09:12.935035,2026-06-21 23:09:12.935035
Cetirizine,153,115,16,2025-12-26 23:09:12.935035,2026-06-08 23:09:12.935035
Calcium Tablets,55,22,13,2025-09-07 23:09:12.935035,2026-02-10 23:09:12.935035
Ranitidine,167,99,59,2026-02-23 23:09:12.935035,2026-06-29 23:09:12.935035
Vitamin C,135,83,32,2025-11-12 23:09:12.935035,2026-11-04 23:09:12.935035
Losartan,145,61,44,2026-02-13 23:09:12.935035,2026-10-13 23:09:12.935035
ORS,148,108,36,2025-11-19 23:09:12.935035,2026-08-04 23:09:12.935035
Crocin,91,44,8,2026-02-11 23:09:12.935035,2026-05-22 23:09:12.935035
Calcium Tablets,186,23,36,2025-10-09 23:09:12.935035,2026-06-11 23:09:12.935035
Cough Syrup,150,29,23,2026-02-11 23:09:12.935035,2026-06-16 23:09:12.935035
Azithromycin,105,26,49,2025-12-13 23:09:12.935035,2026-05-05 23:09:12.935035
Atorvastatin,78,64,37,2026-01-24 23:09:12.935035,2026-06-16 23:09:12.935035
Calcium Tablets,132,58,33,2025-10-23 23:09:12.935035,2026-10-08 23:09:12.935035
Atorvastatin,175,89,16,2026-01-28 23:09:12.935035,2026-12-29 23:09:12.935035
Vitamin C,67,31,39,2025-11-21 23:09:12.935035,2026-09-03 23:09:12.935035
Diclofenac,113,52,20,2026-02-06 23:09:12.935035,2026-07-12 23:09:12.935035
Calcium Tablets,128,65,38,2025-09-20 23:09:12.935035,2026-06-27 23:09:12.935035
Aspirin,191,116,36,2026-02-05 23:09:12.935035,2026-05-27 23:09:12.935035
Cetirizine,152,16,31,2026-01-01 23:09:12.935035,2027-01-10 23:09:12.935035
Diclofenac,126,80,14,2025-11-24 23:09:12.935035,2026-03-31 23:09:12.935035
Atorvastatin,83,52,37,2026-02-11 23:09:12.935035,2026-07-18 23:09:12.935035
Cetirizine,184,137,28,2026-02-26 23:09:12.935035,2027-01-23 23:09:12.935035
Vitamin C,136,35,56,2025-10-19 23:09:12.935035,2026-04-26 23:09:12.935035
Levocetirizine,51,51,36,2025-10-02 23:09:12.935035,2026-05-11 23:09:12.935035
Diclofenac,89,10,9,2025-08-31 23:09:12.935035,2026-03-29 23:09:12.935035
Atorvastatin,129,101,23,2025-11-18 23:09:12.935035,2026-04-27 23:09:12.935035
Diclofenac,114,79,28,2025-11-15 23:09:12.935035,2026-09-30 23:09:12.935035
ORS,107,48,42,2026-01-26 23:09:12.935035,2026-07-26 23:09:12.935035
Pantoprazole,172,126,25,2025-11-09 23:09:12.935035,2026-10-09 23:09:12.935035
Ibuprofen,162,127,54,2025-09-06 23:09:12.935035,2026-05-24 23:09:12.935035
Amoxyclav,200,11,10,2026-03-01 23:09:12.935035,2026-07-22 23:09:12.935035
Zinc Tablets,176,84,40,2025-12-18 23:09:12.935035,2027-01-15 23:09:12.935035
Azithromycin,150,70,39,2025-09-09 23:09:12.935035,2026-02-20 23:09:12.935035
Diclofenac,189,87,56,2026-03-06 23:09:12.935035,2027-01-05 23:09:12.935035
Calcium Tablets,137,62,37,2026-01-12 23:09:12.935035,2026-08-01 23:09:12.935035
Paracetamol,180,178,9,2025-09-19 23:09:12.935035,2026-10-15 23:09:12.935035
Pantoprazole,192,146,27,2025-10-24 23:09:12.935035,2026-08-25 23:09:12.935035
Crocin,175,126,49,2025-09-13 23:09:12.935035,2026-09-23 23:09:12.935035
Azithromycin,171,119,10,2025-10-19 23:09:12.935035,2026-06-06 23:09:12.935035
Ranitidine,138,123,8,2025-12-31 23:09:12.935035,2026-11-21 23:09:12.935035
Levocetirizine,198,44,22,2025-11-18 23:09:12.935035,2026-07-24 23:09:12.935035
Amoxicillin,77,76,23,2025-11-01 23:09:12.935035,2026-04-19 23:09:12.935035
Vitamin C,141,131,36,2025-11-13 23:09:12.935035,2026-09-07 23:09:12.935035
ORS,113,59,19,2025-11-20 23:09:12.935035,2026-11-29 23:09:12.935035
Amoxicillin,104,15,34,2026-01-23 23:09:12.935035,2026-08-16 23:09:12.935035
Cetirizine,143,32,52,2025-11-20 23:09:12.935035,2026-09-18 23:09:12.935035
Insulin,162,92,57,2025-12-01 23:09:12.935035,2026-06-20 23:09:12.935035
Insulin,171,143,45,2025-12-24 23:09:12.935035,2026-06-03 23:09:12.935035
Pantoprazole,60,25,6,2025-12-14 23:09:12.935035,2026-04-15 23:09:12.935035
ORS,72,43,45,2025-11-22 23:09:12.935035,2026-09-05 23:09:12.935035
Amoxyclav,152,119,9,2025-10-03 23:09:12.935035,2026-09-22 23:09:12.935035
Atorvastatin,87,20,26,2026-03-13 23:09:12.935035,2026-07-27 23:09:12.935035
Cetirizine,89,59,37,2025-11-21 23:09:12.935035,2026-05-04 23:09:12.935035
Omeprazole,96,42,12,2026-03-15 23:09:12.935035,2027-04-13 23:09:12.935035
Vitamin B12,79,50,43,2026-02-08 23:09:12.935035,2026-05-31 23:09:12.935035
Crocin,153,138,46,2025-10-01 23:09:12.935035,2026-03-01 23:09:12.935035
Dolo,174,91,13,2025-09-23 23:09:12.935035,2026-08-20 23:09:12.935035
Azithromycin,161,23,20,2026-01-24 23:09:12.935035,2026-07-29 23:09:12.935035
Atorvastatin,104,95,10,2025-11-29 23:09:12.935035,2026-08-07 23:09:12.935035
Insulin,61,48,26,2026-01-09 23:09:12.935035,2026-06-08 23:09:12.935035
Amoxicillin,67,31,14,2025-08-30 23:09:12.935035,2026-04-08 23:09:12.935035
Losartan,126,31,50,2025-10-26 23:09:12.935035,2026-05-07 23:09:12.935035
Vitamin C,98,31,14,2026-01-26 23:09:12.935035,2026-12-05 23:09:12.935035
Diclofenac,72,28,56,2026-01-26 23:09:12.935035,2026-08-08 23:09:12.935035
Zinc Tablets,72,12,23,2026-03-11 23:09:12.935035,2026-12-31 23:09:12.935035
Aspirin,94,66,54,2025-12-10 23:09:12.935035,2026-09-21 23:09:12.935035
Azithromycin,139,114,39,2026-01-04 23:09:12.935035,2026-04-21 23:09:12.935035
Cough Syrup,61,15,46,2025-11-25 23:09:12.935035,2026-06-27 23:09:12.935035
Losartan,123,23,16,2025-12-23 23:09:12.935035,2026-12-21 23:09:12.935035
Levocetirizine,74,24,36,2026-01-29 23:09:12.935035,2026-08-29 23:09:12.935035
Insulin,59,43,16,2025-10-12 23:09:12.935035,2026-04-03 23:09:12.935035
Antacid,162,104,18,2025-10-12 23:09:12.935035,2026-10-15 23:09:12.935035
Amoxicillin,143,73,30,2025-09-22 23:09:12.935035,2026-02-24 23:09:12.935035
ORS,96,74,44,2026-01-06 23:09:12.935035,2026-04-19 23:09:12.935035
Cetirizine,161,73,11,2025-11-11 23:09:12.935035,2026-02-20 23:09:12.935035
Atorvastatin,122,10,41,2025-11-16 23:09:12.935035,2026-05-13 23:09:12.935035
Amoxyclav,161,99,52,2026-01-08 23:09:12.935035,2026-04-28 23:09:12.935035
Aspirin,71,35,53,2026-02-11 23:09:12.935035,2026-10-24 23:09:12.935035
Azithromycin,181,115,34,2025-09-20 23:09:12.935035,2026-08-31 23:09:12.935035
Metformin,124,68,36,2025-11-03 23:09:12.935035,2026-10-01 23:09:12.935035
Crocin,198,197,15,2026-01-19 23:09:12.935035,2027-02-03 23:09:12.935035
Pantoprazole,186,73,23,2025-11-13 23:09:12.935035,2026-03-21 23:09:12.935035
Antacid,122,40,12,2025-12-08 23:09:12.935035,2026-04-17 23:09:12.935035
Zinc Tablets,197,36,6,2026-02-08 23:09:12.935035,2027-01-03 23:09:12.935035
Ibuprofen,97,48,47,2025-12-01 23:09:12.935035,2026-07-14 23:09:12.935035
Ibuprofen,68,32,50,2026-02-11 23:09:12.935035,2026-12-19 23:09:12.935035
Aspirin,99,71,7,2025-12-28 23:09:12.935035,2026-08-04 23:09:12.935035
Vitamin C,182,39,34,2025-08-28 23:09:12.935035,2026-05-28 23:09:12.935035
Losartan,126,113,21,2025-10-14 23:09:12.935035,2026-02-14 23:09:12.935035
Cough Syrup,129,38,60,2026-02-20 23:09:12.935035,2027-01-14 23:09:12.935035
Insulin,75,56,54,2025-10-09 23:09:12.935035,2026-07-26 23:09:12.935035
Amoxyclav,147,118,23,2026-02-16 23:09:12.935035,2026-09-21 23:09:12.935035
Azithromycin,197,94,41,2026-02-17 23:09:12.935035,2026-10-21 23:09:12.935035
Pantoprazole,184,48,16,2025-09-26 23:09:12.935035,2026-05-24 23:09:12.935035
Omeprazole,193,40,30,2025-12-29 23:09:12.935035,2026-10-14 23:09:12.935035
Crocin,134,34,9,2025-12-15 23:09:12.935035,2026-05-15 23:09:12.935035
Diclofenac,161,79,44,2025-10-20 23:09:12.935035,2026-08-11 23:09:12.935035
Amoxyclav,76,31,50,2025-10-14 23:09:12.935035,2026-05-28 23:09:12.935035
Zinc Tablets,57,56,43,2025-12-16 23:09:12.935035,2026-05-15 23:09:12.935035
Calcium Tablets,91,64,30,2026-02-20 23:09:12.935035,2026-11-30 23:09:12.935035
Insulin,101,85,43,2025-10-24 23:09:12.935035,2026-11-27 23:09:12.935035
Ranitidine,133,130,31,2025-12-28 23:09:12.935035,2026-08-04 23:09:12.935035
Diclofenac,69,58,18,2025-12-30 23:09:12.935035,2026-08-06 23:09:12.935035
Omeprazole,98,23,21,2026-02-19 23:09:12.935035,2026-09-23 23:09:12.935035
Atorvastatin,76,12,56,2025-11-02 23:09:12.935035,2026-03-28 23:09:12.935035
Antacid,144,59,20,2025-12-03 23:09:12.935035,2026-04-18 23:09:12.935035
Dolo,152,129,9,2025-10-16 23:09:12.935035,2026-09-18 23:09:12.935035
Metformin,124,59,33,2026-01-01 23:09:12.935035,2026-07-25 23:09:12.935035
Amoxicillin,112,18,39,2026-01-01 23:09:12.935035,2026-07-08 23:09:12.935035
Vitamin C,82,57,42,2025-09-09 23:09:12.935035,2026-08-11 23:09:12.935035
Zinc Tablets,73,72,23,2026-02-21 23:09:12.935035,2026-07-17 23:09:12.935035
Pantoprazole,88,22,31,2025-12-14 23:09:12.935035,2026-05-31 23:09:12.935035
ORS,64,10,36,2025-10-06 23:09:12.935035,2026-11-08 23:09:12.935035
Pantoprazole,124,29,48,2026-02-09 23:09:12.935035,2026-09-23 23:09:12.935035
Calcium Tablets,106,32,56,2026-03-12 23:09:12.935035,2026-11-08 23:09:12.935035
Antacid,179,88,13,2025-10-24 23:09:12.935035,2026-09-05 23:09:12.935035
Vitamin B12,126,25,40,2025-12-25 23:09:12.935035,2026-05-09 23:09:12.935035
Dolo,176,116,21,2025-09-13 23:09:12.935035,2026-02-01 23:09:12.935035
Omeprazole,113,32,5,2026-01-12 23:09:12.935035,2026-12-18 23:09:12.935035
Insulin,144,63,29,2025-11-06 23:09:12.935035,2026-09-14 23:09:12.935035
Dolo,55,16,60,2025-10-27 23:09:12.935035,2026-05-29 23:09:12.935035
Atorvastatin,146,110,39,2025-10-22 23:09:12.935035,2026-09-14 23:09:12.935035
Azithromycin,170,154,51,2025-08-29 23:09:12.935035,2026-04-27 23:09:12.935035
Amoxicillin,69,49,39,2025-12-12 23:09:12.935035,2026-09-26 23:09:12.935035
Pantoprazole,145,114,57,2025-08-30 23:09:12.935035,2026-05-14 23:09:12.935035
Insulin,185,136,13,2026-01-20 23:09:12.935035,2026-04-30 23:09:12.935035
Cough Syrup,62,55,52,2026-03-01 23:09:12.935035,2027-02-01 23:09:12.935035
Metformin,114,94,36,2025-12-18 23:09:12.935035,2027-01-03 23:09:12.935035
Antacid,192,139,53,2025-10-01 23:09:12.935035,2026-02-28 23:09:12.935035
Crocin,162,131,42,2025-09-17 23:09:12.935035,2026-08-17 23:09:12.935035
Calcium Tablets,67,23,28,2025-12-22 23:09:12.935035,2026-06-11 23:09:12.935035
Ranitidine,58,29,11,2026-03-16 23:09:12.935035,2026-08-31 23:09:12.935035
Levocetirizine,100,79,16,2025-12-10 23:09:12.935035,2026-05-13 23:09:12.935035
Metformin,84,64,32,2025-12-14 23:09:12.935035,2026-04-14 23:09:12.935035
Cetirizine,156,55,46,2026-03-05 23:09:12.935035,2027-03-10 23:09:12.935035
Cetirizine,183,46,26,2025-11-12 23:09:12.935035,2026-06-20 23:09:12.935035
Omeprazole,125,12,24,2025-09-10 23:09:12.935035,2026-07-24 23:09:12.935035
Amoxicillin,72,44,40,2025-09-13 23:09:12.935035,2026-07-10 23:09:12.935035
Paracetamol,104,37,58,2025-09-30 23:09:12.935035,2026-01-14 23:09:12.935035
Ranitidine,97,95,32,2025-12-13 23:09:12.935035,2026-05-17 23:09:12.935035
ORS,150,147,12,2026-01-02 23:09:12.935035,2026-12-30 23:09:12.935035
Cetirizine,170,126,35,2026-02-02 23:09:12.935035,2026-11-03 23:09:12.935035
Cetirizine,93,37,26,2025-09-06 23:09:12.935035,2026-09-12 23:09:12.935035
Ibuprofen,122,73,46,2025-10-21 23:09:12.935035,2026-04-30 23:09:12.935035
Atorvastatin,89,17,31,2026-01-31 23:09:12.935035,2026-12-07 23:09:12.935035
Amoxicillin,135,116,41,2025-09-29 23:09:12.935035,2026-10-09 23:09:12.935035
Aspirin,187,84,34,2026-02-18 23:09:12.935035,2027-02-26 23:09:12.935035
Aspirin,96,29,53,2026-01-24 23:09:12.935035,2026-05-07 23:09:12.935035
Cough Syrup,71,29,21,2026-01-17 23:09:12.935035,2026-05-17 23:09:12.935035
Antacid,125,19,43,2026-01-27 23:09:12.935035,2026-08-29 23:09:12.935035
Levocetirizine,73,38,53,2026-02-02 23:09:12.935035,2026-05-27 23:09:12.935035
Antacid,80,79,45,2025-09-27 23:09:12.935035,2026-03-24 23:09:12.935035
Insulin,100,10,49,2025-10-09 23:09:12.935035,2026-11-03 23:09:12.935035
Losartan,163,114,34,2025-09-30 23:09:12.935035,2026-10-18 23:09:12.935035
Vitamin B12,124,99,42,2026-01-30 23:09:12.935035,2027-01-21 23:09:12.935035
Cetirizine,191,73,60,2026-02-11 23:09:12.935035,2027-03-08 23:09:12.935035
Ranitidine,118,21,8,2025-09-23 23:09:12.935035,2026-08-11 23:09:12.935035
Antacid,143,74,17,2026-02-04 23:09:12.935035,2027-01-25 23:09:12.935035
ORS,134,76,5,2025-11-24 23:09:12.935035,2026-05-19 23:09:12.935035
Pantoprazole,160,107,40,2026-02-23 23:09:12.935035,2027-01-13 23:09:12.935035
Insulin,105,57,9,2025-09-18 23:09:12.935035,2026-06-12 23:09:12.935035
Antacid,91,57,5,2026-02-27 23:09:12.935035,2026-06-25 23:09:12.935035
Azithromycin,57,46,7,2026-01-25 23:09:12.935035,2027-02-08 23:09:12.935035
Cough Syrup,53,35,14,2025-10-27 23:09:12.935035,2026-09-03 23:09:12.935035
Insulin,91,82,25,2025-12-11 23:09:12.935035,2026-10-24 23:09:12.935035
Amoxyclav,64,20,23,2026-01-10 23:09:12.935035,2026-06-01 23:09:12.935035
Zinc Tablets,158,108,33,2026-03-03 23:09:12.935035,2026-08-15 23:09:12.935035
Dolo,71,39,25,2025-11-21 23:09:12.935035,2026-03-20 23:09:12.935035
Cough Syrup,190,66,52,2026-03-10 23:09:12.935035,2026-10-28 23:09:12.935035
Cetirizine,102,23,41,2025-09-12 23:09:12.935035,2026-08-10 23:09:12.935035
ORS,116,96,51,2025-08-30 23:09:12.935035,2026-06-21 23:09:12.935035
Metformin,182,83,5,2025-09-01 23:09:12.935035,2026-09-17 23:09:12.935035
Atorvastatin,142,59,58,2025-09-18 23:09:12.935035,2025-12-31 23:09:12.935035
Vitamin C,81,65,13,2025-11-13 23:09:12.935035,2026-04-29 23:09:12.935035
Atorvastatin,184,48,27,2025-12-14 23:09:12.935035,2026-08-28 23:09:12.935035
Azithromycin,185,13,8,2026-02-22 23:09:12.935035,2026-07-07 23:09:12.935035
Ranitidine,151,55,42,2025-10-19 23:09:12.935035,2026-04-27 23:09:12.935035
Dolo,83,62,9,2025-11-01 23:09:12.935035,2026-10-25 23:09:12.935035
Crocin,124,49,34,2025-09-28 23:09:12.935035,2026-08-08 23:09:12.935035
Cough Syrup,89,86,32,2026-01-31 23:09:12.935035,2026-06-19 23:09:12.935035
Dolo,54,38,41,2026-02-02 23:09:12.935035,2026-09-25 23:09:12.935035
Levocetirizine,121,13,42,2026-03-05 23:09:12.935035,2027-02-28 23:09:12.935035
Levocetirizine,116,115,12,2025-09-28 23:09:12.935035,2026-08-04 23:09:12.935035
Cough Syrup,129,87,43,2026-02-12 23:09:12.935035,2026-11-29 23:09:12.935035
Atorvastatin,163,127,32,2025-09-20 23:09:12.935035,2026-07-03 23:09:12.935035
Cetirizine,164,142,7,2026-02-07 23:09:12.935035,2026-07-27 23:09:12.935035
Metformin,156,59,37,2025-11-21 23:09:12.935035,2026-04-26 23:09:12.935035
Pantoprazole,184,23,33,2026-01-17 23:09:12.935035,2026-09-13 23:09:12.935035
Amoxicillin,141,88,28,2025-09-09 23:09:12.935035,2026-09-01 23:09:12.935035
Levocetirizine,171,148,7,2025-10-25 23:09:12.935035,2026-05-24 23:09:12.935035
Ranitidine,59,30,5,2026-01-30 23:09:12.935035,2027-01-03 23:09:12.935035
Ibuprofen,141,56,41,2025-12-14 23:09:12.935035,2026-07-11 23:09:12.935035
Cough Syrup,119,63,28,2025-11-26 23:09:12.935035,2026-10-22 23:09:12.935035
Vitamin C,88,73,13,2025-11-15 23:09:12.935035,2026-03-02 23:09:12.935035
Levocetirizine,67,18,15,2025-09-26 23:09:12.935035,2026-06-01 23:09:12.935035
Insulin,122,116,8,2026-01-01 23:09:12.935035,2026-07-15 23:09:12.935035
Pantoprazole,147,77,29,2025-12-29 23:09:12.935035,2026-08-19 23:09:12.935035
Omeprazole,122,66,29,2025-11-04 23:09:12.935035,2026-03-29 23:09:12.935035
Cough Syrup,121,28,11,2026-01-24 23:09:12.935035,2027-01-08 23:09:12.935035
Vitamin C,78,50,26,2026-02-11 23:09:12.935035,2026-07-15 23:09:12.935035
Zinc Tablets,119,75,52,2025-08-29 23:09:12.935035,2025-12-20 23:09:12.935035
Omeprazole,117,101,51,2025-09-14 23:09:12.935035,2026-02-18 23:09:12.935035
Zinc Tablets,141,140,26,2026-02-20 23:09:12.935035,2026-06-29 23:09:12.935035
Dolo,97,72,48,2025-12-02 23:09:12.935035,2026-12-13 23:09:12.935035
Metformin,140,108,45,2026-02-15 23:09:12.935035,2026-08-01 23:09:12.935035
Amoxicillin,187,76,54,2025-11-18 23:09:12.935035,2026-04-27 23:09:12.935035
ORS,119,103,23,2025-10-18 23:09:12.935035,2026-04-03 23:09:12.935035
Cough Syrup,195,155,59,2025-10-05 23:09:12.935035,2026-06-04 23:09:12.935035
Vitamin C,158,84,8,2025-09-24 23:09:12.935035,2026-04-04 23:09:12.935035
Metformin,135,126,18,2026-01-10 23:09:12.935035,2026-09-22 23:09:12.935035
Amoxicillin,58,40,38,2026-02-12 23:09:12.935035,2026-05-24 23:09:12.935035
Ibuprofen,68,33,56,2025-09-18 23:09:12.935035,2026-04-18 23:09:12.935035
Zinc Tablets,71,24,36,2025-09-03 23:09:12.935035,2026-01-05 23:09:12.935035
Antacid,136,11,33,2025-09-20 23:09:12.935035,2026-10-23 23:09:12.935035
Crocin,61,42,59,2025-12-13 23:09:12.935035,2027-01-17 23:09:12.935035
Azithromycin,131,126,6,2026-03-10 23:09:12.935035,2026-11-10 23:09:12.935035
Zinc Tablets,197,74,41,2025-11-15 23:09:12.935035,2026-10-08 23:09:12.935035
Vitamin B12,150,30,49,2025-10-07 23:09:12.935035,2026-09-12 23:09:12.935035
Ranitidine,125,119,45,2025-12-26 23:09:12.935035,2026-05-09 23:09:12.935035
Azithromycin,53,51,39,2026-02-01 23:09:12.935035,2027-02-17 23:09:12.935035
Zinc Tablets,167,150,30,2025-10-13 23:09:12.935035,2026-03-21 23:09:12.935035
Levocetirizine,190,89,41,2026-02-05 23:09:12.935035,2026-08-03 23:09:12.935035
Omeprazole,81,69,54,2026-03-07 23:09:12.935035,2026-11-24 23:09:12.935035
Ibuprofen,103,42,26,2026-03-02 23:09:12.935035,2026-12-27 23:09:12.935035
Vitamin B12,184,129,59,2026-03-08 23:09:12.935035,2027-02-13 23:09:12.935035
Cetirizine,86,68,10,2025-11-14 23:09:12.935035,2026-05-13 23:09:12.935035
Insulin,57,47,44,2025-10-26 23:09:12.935035,2026-06-02 23:09:12.935035
Cetirizine,148,74,41,2025-09-07 23:09:12.935035,2026-07-04 23:09:12.935035
Amoxicillin,53,24,36,2026-03-04 23:09:12.935035,2026-11-12 23:09:12.935035
Dolo,72,58,10,2026-02-07 23:09:12.935035,2026-10-24 23:09:12.935035
Calcium Tablets,124,70,31,2026-02-02 23:09:12.935035,2026-11-12 23:09:12.935035
Losartan,93,80,56,2026-01-19 23:09:12.935035,2026-09-18 23:09:12.935035
Ibuprofen,164,30,55,2026-02-01 23:09:12.935035,2026-11-20 23:09:12.935035
Crocin,158,141,48,2026-02-13 23:09:12.935035,2027-02-14 23:09:12.935035
Dolo,175,86,60,2025-10-26 23:09:12.935035,2026-08-02 23:09:12.935035
Vitamin B12,80,13,51,2026-03-14 23:09:12.935035,2027-04-03 23:09:12.935035
Cetirizine,131,111,47,2026-01-17 23:09:12.935035,2026-06-30 23:09:12.935035
Diclofenac,68,45,45,2025-12-08 23:09:12.935035,2026-07-16 23:09:12.935035
Atorvastatin,157,29,57,2025-09-08 23:09:12.935035,2026-09-14 23:09:12.935035
Cough Syrup,199,128,38,2026-02-02 23:09:12.935035,2026-12-25 23:09:12.935035
Pantoprazole,182,132,38,2025-10-05 23:09:12.935035,2026-08-12 23:09:12.935035
Paracetamol,83,21,8,2026-01-26 23:09:12.935035,2026-09-01 23:09:12.935035
Ibuprofen,71,14,27,2025-10-09 23:09:12.935035,2026-08-13 23:09:12.935035
Vitamin C,200,158,34,2025-12-24 23:09:12.935035,2026-04-10 23:09:12.935035
Levocetirizine,134,80,15,2025-12-31 23:09:12.935035,2026-05-28 23:09:12.935035
Calcium Tablets,107,84,27,2026-01-19 23:09:12.935035,2026-12-09 23:09:12.935035
Dolo,188,32,27,2025-09-06 23:09:12.935035,2026-04-13 23:09:12.935035
Atorvastatin,183,126,32,2026-02-20 23:09:12.935035,2026-12-15 23:09:12.935035
Diclofenac,114,13,8,2025-09-13 23:09:12.935035,2026-07-15 23:09:12.935035
Cough Syrup,52,52,25,2026-01-19 23:09:12.935035,2027-01-26 23:09:12.935035
Metformin,142,54,29,2026-02-21 23:09:12.935035,2026-06-06 23:09:12.935035
Metformin,51,18,9,2026-03-10 23:09:12.935035,2026-09-16 23:09:12.935035
Amoxyclav,165,118,34,2025-10-11 23:09:12.935035,2026-04-18 23:09:12.935035
Diclofenac,197,25,46,2025-10-26 23:09:12.935035,2026-11-21 23:09:12.935035
Aspirin,137,61,31,2025-12-29 23:09:12.935035,2026-11-29 23:09:12.935035
Aspirin,161,47,10,2025-08-28 23:09:12.935035,2026-03-09 23:09:12.935035
Diclofenac,170,94,57,2025-12-04 23:09:12.935035,2026-10-26 23:09:12.935035
Cough Syrup,69,29,41,2025-10-13 23:09:12.935035,2026-02-24 23:09:12.935035
Cough Syrup,64,47,8,2026-01-05 23:09:12.935035,2026-07-01 23:09:12.935035
Metformin,155,74,30,2025-10-27 23:09:12.935035,2026-09-12 23:09:12.935035
Vitamin B12,168,150,52,2025-10-28 23:09:12.935035,2026-07-04 23:09:12.935035
Aspirin,153,72,13,2025-10-11 23:09:12.935035,2026-06-10 23:09:12.935035
Azithromycin,112,106,52,2025-12-04 23:09:12.935035,2026-05-02 23:09:12.935035
Cetirizine,101,63,29,2026-02-06 23:09:12.935035,2026-09-02 23:09:12.935035
Metformin,55,30,38,2026-02-01 23:09:12.935035,2027-03-05 23:09:12.935035
Pantoprazole,93,30,6,2026-02-19 23:09:12.935035,2026-10-27 23:09:12.935035
Losartan,198,109,19,2025-12-06 23:09:12.935035,2026-10-17 23:09:12.935035
Insulin,58,25,56,2025-10-02 23:09:12.935035,2026-02-11 23:09:12.935035
Losartan,147,93,34,2026-02-05 23:09:12.935035,2027-02-04 23:09:12.935035
Antacid,133,13,59,2025-10-18 23:09:12.935035,2026-10-28 23:09:12.935035
Cetirizine,139,73,12,2025-10-07 23:09:12.935035,2026-01-21 23:09:12.935035
Losartan,162,83,16,2025-11-12 23:09:12.935035,2026-11-24 23:09:12.935035
Ranitidine,65,42,30,2026-01-04 23:09:12.935035,2027-01-25 23:09:12.935035
Insulin,52,38,23,2026-03-10 23:09:12.935035,2026-11-21 23:09:12.935035
Antacid,147,89,23,2025-08-29 23:09:12.935035,2026-07-24 23:09:12.935035
Crocin,95,74,60,2025-12-21 23:09:12.935035,2026-10-26 23:09:12.935035
Vitamin B12,87,33,11,2025-09-06 23:09:12.935035,2026-01-26 23:09:12.935035
Diclofenac,61,10,24,2025-09-02 23:09:12.935035,2026-04-04 23:09:12.935035
Cetirizine,184,183,34,2025-09-02 23:09:12.935035,2026-07-21 23:09:12.935035
Diclofenac,56,45,52,2025-11-19 23:09:12.935035,2026-06-24 23:09:12.935035
Metformin,86,45,9,2025-09-30 23:09:12.935035,2026-09-28 23:09:12.935035
Antacid,114,95,34,2025-12-05 23:09:12.935035,2026-09-06 23:09:12.935035
Insulin,60,47,43,2026-01-27 23:09:12.935035,2026-08-28 23:09:12.935035
Atorvastatin,187,84,37,2025-10-12 23:09:12.935035,2026-08-21 23:09:12.935035
ORS,75,26,20,2026-02-09 23:09:12.935035,2026-06-12 23:09:12.935035
Omeprazole,173,168,14,2026-01-25 23:09:12.935035,2027-01-25 23:09:12.935035
Vitamin C,131,73,43,2025-09-19 23:09:12.935035,2026-06-24 23:09:12.935035
Metformin,133,56,55,2025-11-22 23:09:12.935035,2026-09-21 23:09:12.935035
Amoxicillin,160,121,46,2026-01-29 23:09:12.935035,2027-01-19 23:09:12.935035
Losartan,147,113,32,2025-11-17 23:09:12.935035,2026-07-23 23:09:12.935035
Ibuprofen,138,64,14,2025-09-22 23:09:12.935035,2026-07-25 23:09:12.935035
Pantoprazole,99,99,60,2025-09-25 23:09:12.935035,2026-01-31 23:09:12.935035
Vitamin C,116,72,18,2025-09-24 23:09:12.935035,2026-04-18 23:09:12.935035
ORS,88,51,16,2025-11-05 23:09:12.935035,2026-05-22 23:09:12.935035
Calcium Tablets,68,18,41,2025-08-31 23:09:12.935035,2026-07-06 23:09:12.935035
Crocin,97,46,41,2025-12-06 23:09:12.935035,2026-04-10 23:09:12.935035
Metformin,126,14,39,2025-11-30 23:09:12.935035,2026-04-07 23:09:12.935035
Zinc Tablets,99,22,36,2025-10-07 23:09:12.935035,2026-04-23 23:09:12.935035
ORS,131,52,29,2025-12-22 23:09:12.935035,2026-07-01 23:09:12.935035
Ibuprofen,101,32,45,2025-10-20 23:09:12.935035,2026-05-24 23:09:12.935035
Amoxicillin,148,101,46,2025-09-12 23:09:12.935035,2026-10-12 23:09:12.935035
Insulin,61,49,13,2025-09-19 23:09:12.935035,2026-09-19 23:09:12.935035
Antacid,73,55,48,2025-10-02 23:09:12.935035,2026-09-24 23:09:12.935035
Pantoprazole,142,33,40,2025-11-19 23:09:12.935035,2026-04-25 23:09:12.935035
Dolo,88,20,42,2025-09-30 23:09:12.935035,2026-03-05 23:09:12.935035
Levocetirizine,192,65,18,2025-09-14 23:09:12.935035,2026-09-02 23:09:12.935035
Levocetirizine,98,80,11,2026-02-03 23:09:12.935035,2027-02-07 23:09:12.935035
Cetirizine,177,58,22,2025-11-28 23:09:12.935035,2026-09-23 23:09:12.935035
Pantoprazole,192,133,20,2026-03-08 23:09:12.935035,2027-01-25 23:09:12.935035
Calcium Tablets,70,28,9,2026-01-10 23:09:12.935035,2026-05-25 23:09:12.935035
Dolo,141,54,39,2025-09-07 23:09:12.935035,2026-06-30 23:09:12.935035
Amoxyclav,50,34,13,2025-12-07 23:09:12.935035,2026-12-10 23:09:12.935035
Diclofenac,75,71,49,2026-02-12 23:09:12.935035,2026-05-30 23:09:12.935035
Cetirizine,178,76,41,2025-11-11 23:09:12.935035,2026-11-01 23:09:12.935035
Vitamin C,183,123,30,2025-09-08 23:09:12.935035,2026-08-25 23:09:12.935035
Ibuprofen,136,15,38,2025-12-03 23:09:12.935035,2026-12-22 23:09:12.935035
Pantoprazole,194,143,13,2025-12-26 23:09:12.935035,2026-07-18 23:09:12.935035
Dolo,92,13,36,2025-11-28 23:09:12.935035,2026-10-16 23:09:12.935035
Calcium Tablets,148,35,43,2026-02-28 23:09:12.935035,2027-03-19 23:09:12.935035
ORS,95,29,40,2025-09-27 23:09:12.935035,2026-03-03 23:09:12.935035
Ibuprofen,163,29,20,2026-02-08 23:09:12.935035,2026-06-16 23:09:12.935035
Calcium Tablets,157,25,29,2026-01-01 23:09:12.935035,2026-09-07 23:09:12.935035
Ranitidine,167,56,49,2025-09-13 23:09:12.935035,2026-06-20 23:09:12.935035
Cough Syrup,75,21,49,2026-03-03 23:09:12.935035,2027-02-10 23:09:12.935035
Losartan,89,25,22,2025-11-30 23:09:12.935035,2026-05-11 23:09:12.935035
Insulin,108,29,53,2025-12-30 23:09:12.935035,2026-08-21 23:09:12.935035
Zinc Tablets,67,51,17,2025-11-11 23:09:12.935035,2026-04-16 23:09:12.935035
Vitamin B12,183,85,10,2025-09-26 23:09:12.935035,2026-04-23 23:09:12.935035
Omeprazole,189,10,5,2025-11-22 23:09:12.935035,2026-08-06 23:09:12.935035
Levocetirizine,155,61,28,2026-02-04 23:09:12.935035,2027-02-24 23:09:12.935035
Antacid,147,45,46,2026-01-20 23:09:12.935035,2026-07-24 23:09:12.935035
Amoxicillin,139,24,51,2025-10-20 23:09:12.935035,2026-08-14 23:09:12.935035
Calcium Tablets,81,50,42,2025-09-01 23:09:12.935035,2026-05-09 23:09:12.935035
Pantoprazole,85,32,24,2025-11-22 23:09:12.935035,2026-08-26 23:09:12.935035
Metformin,149,141,30,2026-03-12 23:09:12.935035,2026-09-11 23:09:12.935035
ORS,157,28,11,2025-09-06 23:09:12.935035,2026-09-18 23:09:12.935035
Losartan,177,58,32,2026-03-13 23:09:12.935035,2026-08-08 23:09:12.935035
Crocin,199,130,34,2026-03-14 23:09:12.935035,2027-02-04 23:09:12.935035
Insulin,147,69,5,2025-09-17 23:09:12.935035,2026-07-23 23:09:12.935035
Diclofenac,105,44,17,2025-12-28 23:09:12.935035,2026-05-09 23:09:12.935035
Antacid,178,38,7,2025-10-15 23:09:12.935035,2026-07-16 23:09:12.935035
Crocin,198,70,53,2025-10-16 23:09:12.935035,2026-11-20 23:09:12.935035
Antacid,70,58,9,2026-02-03 23:09:12.935035,2026-07-28 23:09:12.935035
Diclofenac,162,67,25,2025-11-09 23:09:12.935035,2026-10-14 23:09:12.935035
Atorvastatin,134,39,45,2025-09-07 23:09:12.935035,2026-05-04 23:09:12.935035
Amoxyclav,152,111,44,2025-12-09 23:09:12.935035,2026-07-29 23:09:12.935035
Levocetirizine,102,48,19,2026-02-03 23:09:12.935035,2026-06-18 23:09:12.935035
Metformin,155,38,22,2026-03-16 23:09:12.935035,2027-03-07 23:09:12.935035
Antacid,53,53,26,2025-08-28 23:09:12.935035,2026-03-02 23:09:12.935035
Metformin,118,34,51,2025-09-05 23:09:12.935035,2026-09-07 23:09:12.935035
Atorvastatin,120,14,60,2025-12-01 23:09:12.935035,2026-12-13 23:09:12.935035
Insulin,131,128,48,2026-01-29 23:09:12.935035,2026-08-30 23:09:12.935035
Vitamin C,128,101,59,2026-01-13 23:09:12.935035,2026-10-02 23:09:12.935035
Pantoprazole,166,34,22,2025-09-23 23:09:12.935035,2026-02-28 23:09:12.935035
Calcium Tablets,100,14,34,2026-01-26 23:09:12.935035,2026-08-20 23:09:12.935035
Omeprazole,60,51,19,2025-10-17 23:09:12.935035,2026-08-25 23:09:12.935035
Ranitidine,85,21,40,2025-12-06 23:09:12.935035,2026-05-31 23:09:12.935035
Azithromycin,114,111,5,2026-03-09 23:09:12.935035,2026-07-05 23:09:12.935035
Vitamin B12,152,85,21,2026-02-26 23:09:12.935035,2027-03-07 23:09:12.935035
Diclofenac,50,50,37,2025-12-14 23:09:12.935035,2027-01-01 23:09:12.935035
ORS,170,119,34,2025-09-04 23:09:12.935035,2026-02-16 23:09:12.935035
Dolo,184,177,27,2026-03-13 23:09:12.935035,2026-06-30 23:09:12.935035
Crocin,75,73,21,2025-09-04 23:09:12.935035,2026-03-28 23:09:12.935035
Cetirizine,69,35,15,2026-01-04 23:09:12.935035,2026-08-19 23:09:12.935035
Antacid,138,28,50,2026-02-15 23:09:12.935035,2026-08-16 23:09:12.935035
Amoxicillin,176,78,55,2026-01-18 23:09:12.935035,2026-06-25 23:09:12.935035
Atorvastatin,183,128,27,2026-03-06 23:09:12.935035,2027-04-04 23:09:12.935035
Levocetirizine,114,98,47,2025-08-28 23:09:12.935035,2026-07-19 23:09:12.935035
Cough Syrup,160,90,26,2026-03-01 23:09:12.935035,2026-09-17 23:09:12.935035
Aspirin,117,49,55,2025-12-24 23:09:12.935035,2027-01-22 23:09:12.935035
ORS,157,36,60,2026-02-11 23:09:12.935035,2026-09-04 23:09:12.935035
Cetirizine,119,63,7,2025-12-02 23:09:12.935035,2026-09-23 23:09:12.935035
ORS,67,44,51,2026-01-04 23:09:12.935035,2026-06-10 23:09:12.935035
Cetirizine,54,33,55,2026-01-11 23:09:12.935035,2026-08-12 23:09:12.935035
Dolo,78,62,59,2026-03-10 23:09:12.935035,2026-10-18 23:09:12.935035
Zinc Tablets,88,81,53,2025-09-12 23:09:12.935035,2026-05-26 23:09:12.935035
Cough Syrup,163,140,15,2026-01-30 23:09:12.935035,2026-08-14 23:09:12.935035
Dolo,82,52,42,2025-10-13 23:09:12.935035,2026-09-15 23:09:12.935035
Pantoprazole,65,49,34,2026-02-10 23:09:12.935035,2027-01-20 23:09:12.935035
Azithromycin,175,23,55,2026-02-10 23:09:12.935035,2026-12-12 23:09:12.935035
Amoxicillin,51,18,33,2025-10-23 23:09:12.935035,2026-04-14 23:09:12.935035
Losartan,80,36,55,2026-01-23 23:09:12.935035,2027-01-21 23:09:12.935035
Calcium Tablets,198,146,52,2025-09-03 23:09:12.935035,2026-07-26 23:09:12.935035
ORS,106,93,56,2025-10-07 23:09:12.935035,2026-07-28 23:09:12.935035
Vitamin C,98,19,18,2025-12-31 23:09:12.935035,2026-07-29 23:09:12.935035
Azithromycin,162,139,22,2026-01-19 23:09:12.935035,2026-11-02 23:09:12.935035
Cough Syrup,160,26,56,2025-09-14 23:09:12.935035,2026-01-22 23:09:12.935035
Cough Syrup,148,84,18,2026-01-04 23:09:12.935035,2026-09-13 23:09:12.935035
Dolo,118,27,46,2025-11-18 23:09:12.935035,2026-06-30 23:09:12.935035
Amoxyclav,167,125,45,2026-01-09 23:09:12.935035,2026-10-07 23:09:12.935035
Metformin,62,20,27,2026-01-17 23:09:12.935035,2026-07-21 23:09:12.935035
Pantoprazole,175,48,38,2025-09-27 23:09:12.935035,2026-05-10 23:09:12.935035
ORS,60,50,40,2025-09-24 23:09:12.935035,2026-03-11 23:09:12.935035
Atorvastatin,174,82,15,2025-11-11 23:09:12.935035,2026-10-04 23:09:12.935035
Metformin,99,15,53,2025-10-14 23:09:12.935035,2026-08-16 23:09:12.935035
Omeprazole,111,43,19,2025-10-02 23:09:12.935035,2026-04-23 23:09:12.935035
Levocetirizine,180,160,8,2025-10-11 23:09:12.935035,2026-08-17 23:09:12.935035
Amoxicillin,83,12,41,2026-03-03 23:09:12.935035,2027-04-04 23:09:12.935035
Cough Syrup,179,137,9,2026-02-02 23:09:12.935035,2026-12-01 23:09:12.935035
Calcium Tablets,163,29,53,2025-09-25 23:09:12.935035,2026-08-21 23:09:12.935035
